{
    "Scene": {
        "polymorphic_id": 2147483649,
        "polymorphic_name": "SceneGame",
        "ptr_wrapper": {
            "id": 2147483649,
            "data": {
                "value0": {
                    "GameObjects": [
                        {
                            "polymorphic_id": 2147483650,
                            "polymorphic_name": "Camera",
                            "ptr_wrapper": {
                                "id": 2147483650,
                                "data": {
                                    "value0": {
                                        "ID": 0,
                                        "Name": "Camera",
                                        "Active": true,
                                        "ExecuteInEditor": true,
                                        "Transform": {
                                            "Position": {
                                                "x": -2.098524808883667,
                                                "y": 6.291932106018066,
                                                "z": -19.787389755249025
                                            },
                                            "Scale": {
                                                "x": 1.0,
                                                "y": 1.0,
                                                "z": 1.0
                                            },
                                            "Rotation": {
                                                "x": 12.399995803833008,
                                                "y": 1.1000019311904908,
                                                "z": 0.0
                                            },
                                            "Quaternion": {
                                                "x": 0.0,
                                                "y": 0.0,
                                                "z": 0.0,
                                                "w": 1.0
                                            }
                                        },
                                        "Components": []
                                    },
                                    "Distance": 100.0
                                }
                            }
                        },
                        {
                            "polymorphic_id": 1073741824,
                            "ptr_wrapper": {
                                "id": 2147483651,
                                "data": {
                                    "ID": 1,
                                    "Name": "SkyDome",
                                    "Active": true,
                                    "ExecuteInEditor": false,
                                    "Transform": {
                                        "Position": {
                                            "x": 0.0,
                                            "y": 0.0,
                                            "z": 0.0
                                        },
                                        "Scale": {
                                            "x": 500.0,
                                            "y": 500.0,
                                            "z": 500.0
                                        },
                                        "Rotation": {
                                            "x": 0.0,
                                            "y": 0.0,
                                            "z": 0.0
                                        },
                                        "Quaternion": {
                                            "x": 0.0,
                                            "y": 0.0,
                                            "z": 0.0,
                                            "w": 1.0
                                        }
                                    },
                                    "Components": [
                                        {
                                            "polymorphic_id": 2147483651,
                                            "polymorphic_name": "SkyDome",
                                            "ptr_wrapper": {
                                                "id": 2147483652,
                                                "data": {
                                                    "value0": {
                                                        "Active": true,
                                                        "ExecuteInEditor": false
                                                    }
                                                }
                                            }
                                        }
                                    ]
                                }
                            }
                        },
                        {
                            "polymorphic_id": 1073741824,
                            "ptr_wrapper": {
                                "id": 2147483653,
                                "data": {
                                    "ID": 2,
                                    "Name": "BlockSpawner",
                                    "Active": true,
                                    "ExecuteInEditor": false,
                                    "Transform": {
                                        "Position": {
                                            "x": 0.0,
                                            "y": 10.0,
                                            "z": 0.0
                                        },
                                        "Scale": {
                                            "x": 50.0,
                                            "y": 50.0,
                                            "z": 50.0
                                        },
                                        "Rotation": {
                                            "x": 180.0,
                                            "y": 0.0,
                                            "z": 0.0
                                        },
                                        "Quaternion": {
                                            "x": 0.0,
                                            "y": 0.0,
                                            "z": 0.0,
                                            "w": 1.0
                                        }
                                    },
                                    "Components": [
                                        {
                                            "polymorphic_id": 2147483652,
                                            "polymorphic_name": "BlockSpawner",
                                            "ptr_wrapper": {
                                                "id": 2147483654,
                                                "data": {
                                                    "value0": {
                                                        "Active": true,
                                                        "ExecuteInEditor": false
                                                    },
                                                    "CntSpawn": 0
                                                }
                                            }
                                        },
                                        {
                                            "polymorphic_id": 2147483653,
                                            "polymorphic_name": "ModelRenderer",
                                            "ptr_wrapper": {
                                                "id": 2147483655,